product number,color,SIZE,QTY,,,
D1111A,Silver,0,0,,,
D1111A,Silver,2,5,,,
D1111A,Silver,4,7,,,
D1111A,Silver,6,6,,,
D1111A,Silver,8,1,,,
D1111A,Silver,10,1,,,
D1111A,Silver,12,0,,,
D1111A,Silver,14,0,,,
D1111A,Silver,16,0,,,
,,,,,,
D3073A,Multi,0,0,,,
D3073A,Multi,2,0,,,
D3073A,Multi,4,0,,,
D3073A,Multi,6,0,,,
D3073A,Multi,8,0,,,
D3073A,Multi,10,4,,,
D3073A,Multi,12,1,,,
D3073A,Multi,14,1,,,
D3073A,Multi,16,0,,,
,,,,,,
D3090A,Black,0,0,,,
D3090A,Black,2,0,,,
D3090A,Black,4,0,,,
D3090A,Black,6,0,,,
D3090A,Black,8,1,,,
D3090A,Black,10,0,,,
D3090A,Black,12,0,,,
D3090A,Black,14,0,,,
D3090A,Black,16,0,,,
,,,,,,
D3090A,Champagne,0,0,,,
D3090A,Champagne,2,0,,,
D3090A,Champagne,4,4,,,
D3090A,Champagne,6,5,,,
D3090A,Champagne,8,3,,,
D3090A,Champagne,10,2,,,
D3090A,Champagne,12,0,,,
D3090A,Champagne,14,1,,,
D3090A,Champagne,16,0,,,
,,,,,,
D3090A,Green,0,0,,,
D3090A,Green,2,0,,,
D3090A,Green,4,2,,,
D3090A,Green,6,2,,,
D3090A,Green,8,0,,,
D3090A,Green,10,1,,,
D3090A,Green,12,1,,,
D3090A,Green,14,0,,,
D3090A,Green,16,0,,,
,,,,,,
D3208A,Pink,0,0,,,
D3208A,Pink,2,3,,,
D3208A,Pink,4,0,,,
D3208A,Pink,6,0,,,
D3208A,Pink,8,0,,,
D3208A,Pink,10,0,,,
D3208A,Pink,12,0,,,
D3208A,Pink,14,0,,,
D3208A,Pink,16,0,,,
,,,,,,
D3318A,White,0,2,,,
D3318A,White,2,2,,,
D3318A,White,4,4,,,
D3318A,White,6,3,,,
D3318A,White,8,0,,,
D3318A,White,10,1,,,
D3318A,White,12,0,,,
D3318A,White,14,0,,,
D3318A,White,16,0,,,
,,,,,,
D3373A,black,0,5,,,
D3373A,black,2,13,,,
D3373A,black,4,11,,,
D3373A,black,6,13,,,
D3373A,black,8,9,,,
D3373A,black,10,0,,,
D3373A,black,12,0,,,
D3373A,black,14,0,,,
D3373A,black,16,,,,
D3373A,black,,,,,
,,,,,,
D3373A,Green,0,0,,,
D3373A,Green,2,0,,,
D3373A,Green,4,1,,,
D3373A,Green,6,1,,,
D3373A,Green,8,1,,,
D3373A,Green,10,1,,,
D3373A,Green,12,0,,,
D3373A,Green,14,0,,,
D3373A,Green,16,0,,,
,,,,,,
D3373A,Gunmetal,0,0,,,
D3373A,Gunmetal,2,0,,,
D3373A,Gunmetal,4,1,,,
D3373A,Gunmetal,6,0,,,
D3373A,Gunmetal,8,0,,,
D3373A,Gunmetal,10,0,,,
D3373A,Gunmetal,12,0,,,
D3373A,Gunmetal,14,0,,,
D3373A,Gunmetal,16,0,,,
,,,,,,
D3508A,Black,0,0,,,
D3508A,Black,2,1,,,
D3508A,Black,4,1,,,
D3508A,Black,6,1,,,
D3508A,Black,8,1,,,
D3508A,Black,10,0,,,
D3508A,Black,12,0,,,
D3508A,Black,14,0,,,
D3508A,Black,16,0,,,
,,,,,,
D3546A,White,0,0,,,
D3546A,White,2,0,,,
D3546A,White,4,1,,,
D3546A,White,6,0,,,
D3546A,White,8,0,,,
D3546A,White,10,0,,,
D3546A,White,12,0,,,
D3546A,White,14,0,,,
D3546A,White,16,0,,,
,,,,,,
D3592A,white,0,0,,,
D3592A,white,2,1,,,
D3592A,white,4,1,,,
D3592A,white,6,1,,,
D3592A,white,8,1,,,
D3592A,white,10,0,,,
D3592A,white,12,0,,,
D3592A,white,14,0,,,
D3592A,white,16,0,,,
,,,,,,
D3609A,black,0,0,,,
D3609A,black,2,4,,,
D3609A,black,4,1,,,
D3609A,black,6,1,,,
D3609A,black,8,0,,,
D3609A,black,10,0,,,
D3609A,black,12,0,,,
D3609A,black,14,0,,,
D3609A,black,16,0,,,
,,,,,,
D3616A,Cream,0,0,,,
D3616A,Cream,2,3,,,
D3616A,Cream,4,2,,,
D3616A,Cream,6,2,,,
D3616A,Cream,8,1,,,
D3616A,Cream,10,0,,,
D3616A,Cream,12,0,,,
D3616A,Cream,14,0,,,
D3616A,Cream,16,0,,,
,,,,,,
D3653A,black,0,0,,,
D3653A,black,2,4,,,
D3653A,black,4,1,,,
D3653A,black,6,3,,,
D3653A,black,8,3,,,
D3653A,black,10,1,,,
D3653A,black,12,1,,,
D3653A,black,14,0,,,
D3653A,black,16,0,,,
,,,,,,
D3654A,navy,0,0,,,
D3654A,navy,2,0,,,
D3654A,navy,4,0,,,
D3654A,navy,6,4,,,
D3654A,navy,8,1,,,
D3654A,navy,10,2,,,
D3654A,navy,12,3,,,
D3654A,navy,14,1,,,
D3654A,navy,16,0,,,
,,,,,,
D3811A,Black,0,0,,,
D3811A,Black,2,0,,,
D3811A,Black,4,0,,,
D3811A,Black,6,3,,,
D3811A,Black,8,3,,,
D3811A,Black,10,4,,,
D3811A,Black,12,1,,,
D3811A,Black,14,1,,,
D3811A,Black,16,0,,,
,,,,,,
D3865A,black,0,0,,,
D3865A,black,2,0,,,
D3865A,black,4,2,,,
D3865A,black,6,5,,,
D3865A,black,8,6,,,
D3865A,black,10,5,,,
D3865A,black,12,2,,,
D3865A,black,14,4,,,
D3865A,black,16,0,,,
,,,,,,
D3869A,black,0,0,,,
D3869A,black,2,0,,,
D3869A,black,4,2,,,
D3869A,black,6,1,,,
D3869A,black,8,2,,,
D3869A,black,10,0,,,
D3869A,black,12,0,,,
D3869A,black,14,0,,,
D3869A,black,16,0,,,
,,,,,,
D3869A,Navy,0,0,,,
D3869A,Navy,2,0,,,
D3869A,Navy,4,0,,,
D3869A,Navy,6,3,,,
D3869A,Navy,8,0,,,
D3869A,Navy,10,0,,,
D3869A,Navy,12,0,,,
D3869A,Navy,14,0,,,
D3869A,Navy,16,0,,,
,,,,,,
D3907A,Pink,0,0,,,
D3907A,Pink,2,0,,,
D3907A,Pink,4,1,,,
D3907A,Pink,6,0,,,
D3907A,Pink,8,0,,,
D3907A,Pink,10,0,,,
D3907A,Pink,12,0,,,
D3907A,Pink,14,0,,,
D3907A,Pink,16,0,,,
,,,,,,
D3917A,White,0,0,,,
D3917A,White,2,0,,,
D3917A,White,4,3,,,
D3917A,White,6,1,,,
D3917A,White,8,0,,,
D3917A,White,10,0,,,
D3917A,White,12,0,,,
D3917A,White,14,0,,,
D3917A,White,16,0,,,
,,,,,,
D3922A,Black,0,0,,,
D3922A,Black,2,1,,,
D3922A,Black,4,0,,,
D3922A,Black,6,2,,,
D3922A,Black,8,1,,,
D3922A,Black,10,0,,,
D3922A,Black,12,0,,,
D3922A,Black,14,0,,,
D3922A,Black,16,0,,,
,,,,,,
D3937A,Silver,0,4,,,
D3937A,Silver,2,9,,,
D3937A,Silver,4,4,,,
D3937A,Silver,6,2,,,
D3937A,Silver,8,1,,,
D3937A,Silver,10,0,,,
D3937A,Silver,12,0,,,
D3937A,Silver,14,0,,,
D3937A,Silver,16,0,,,
,,,,,,
D3950A,Black,0,5,,,
D3950A,Black,2,9,,,
D3950A,Black,4,4,,,
D3950A,Black,6,2,,,
D3950A,Black,8,0,,,
D3950A,Black,10,0,,,
D3950A,Black,12,0,,,
D3950A,Black,14,0,,,
D3950A,Black,16,0,,,
,,,,,,
D3954A,Black,0,4,,,
D3954A,Black,2,3,,,
D3954A,Black,4,0,,,
D3954A,Black,6,0,,,
D3954A,Black,8,0,,,
D3954A,Black,10,0,,,
D3954A,Black,12,0,,,
D3954A,Black,14,0,,,
D3954A,Black,16,0,,,
,,,,,,
D3966A,Blue,0,2,,,
D3966A,Blue,2,1,,,
D3966A,Blue,4,4,,,
D3966A,Blue,6,0,,,
D3966A,Blue,8,0,,,
D3966A,Blue,10,0,,,
D3966A,Blue,12,0,,,
D3966A,Blue,14,0,,,
D3966A,Blue,16,0,,,
,,,,,,
D3971A,Black,0,0,,,
D3971A,Black,2,1,,,
D3971A,Black,4,0,,,
D3971A,Black,6,0,,,
D3971A,Black,8,0,,,
D3971A,Black,10,0,,,
D3971A,Black,12,0,,,
D3971A,Black,14,0,,,
D3971A,Black,16,0,,,
,,,,,,
D4114A,Champagne,0,0,,,
D4114A,Champagne,2,4,,,
D4114A,Champagne,4,2,,,
D4114A,Champagne,6,2,,,
D4114A,Champagne,8,1,,,
D4114A,Champagne,10,0,,,
D4114A,Champagne,12,0,,,
D4114A,Champagne,14,0,,,
D4114A,Champagne,16,0,,,
,,,,,,
D4114A,Silver,0,0,,,
D4114A,Silver,2,3,,,
D4114A,Silver,4,3,,,
D4114A,Silver,6,3,,,
D4114A,Silver,8,1,,,
D4114A,Silver,10,3,,,
D4114A,Silver,12,0,,,
D4114A,Silver,14,0,,,
D4114A,Silver,16,0,,,
,,,,,,
D4114A,Taupe,0,1,,,
D4114A,Taupe,2,11,,,
D4114A,Taupe,4,9,,,
D4114A,Taupe,6,5,,,
D4114A,Taupe,8,6,,,
D4114A,Taupe,10,1,,,
D4114A,Taupe,12,2,,,
D4114A,Taupe,14,1,,,
D4114A,Taupe,16,0,,,
,,,,,,
D4118A,Red,0,0,,,
D4118A,Red,2,7,,,
D4118A,Red,4,4,,,
D4118A,Red,6,4,,,
D4118A,Red,8,11,,,
D4118A,Red,10,6,,,
D4118A,Red,12,6,,,
D4118A,Red,14,1,,,
D4118A,Red,16,0,,,
,,,,,,
D4121A,Blue,0,0,,,
D4121A,Blue,2,0,,,
D4121A,Blue,4,1,,,
D4121A,Blue,6,0,,,
D4121A,Blue,8,0,,,
D4121A,Blue,10,0,,,
D4121A,Blue,12,0,,,
D4121A,Blue,14,0,,,
D4121A,Blue,16,0,,,
,,,,,,
D4121A,Green,0,4,,,
D4121A,Green,2,6,,,
D4121A,Green,4,11,,,
D4121A,Green,6,8,,,
D4121A,Green,8,10,,,
D4121A,Green,10,0,,,
D4121A,Green,12,5,,,
D4121A,Green,14,0,,,
D4121A,Green,16,0,,,
,,,,,,
D4121A,Red,0,0,,,
D4121A,Red,2,1,,,
D4121A,Red,4,1,,,
D4121A,Red,6,2,,,
D4121A,Red,8,1,,,
D4121A,Red,10,0,,,
D4121A,Red,12,0,,,
D4121A,Red,14,0,,,
D4121A,Red,16,0,,,
,,,,,,
D4126A,Black,0,4,,,
D4126A,Black,2,2,,,
D4126A,Black,4,0,,,
D4126A,Black,6,3,,,
D4126A,Black,8,4,,,
D4126A,Black,10,0,,,
D4126A,Black,12,0,,,
D4126A,Black,14,0,,,
D4126A,Black,16,0,,,
,,,,,,
D4126A,Champagne,0,2,,,
D4126A,Champagne,2,24,,,
D4126A,Champagne,4,9,,,
D4126A,Champagne,6,9,,,
D4126A,Champagne,8,0,,,
D4126A,Champagne,10,0,,,
D4126A,Champagne,12,0,,,
D4126A,Champagne,14,0,,,
D4126A,Champagne,16,0,,,
,,,,,,
D4128A,Black,0,7,,,
D4128A,Black,2,1,,,
D4128A,Black,4,1,,,
D4128A,Black,6,3,,,
D4128A,Black,8,1,,,
D4128A,Black,10,1,,,
D4128A,Black,12,0,,,
D4128A,Black,14,0,,,
D4128A,Black,16,0,,,
,,,,,,
D4128A,Champagne,0,0,,,
D4128A,Champagne,2,0,,,
D4128A,Champagne,4,0,,,
D4128A,Champagne,6,0,,,
D4128A,Champagne,8,0,,,
D4128A,Champagne,10,0,,,
D4128A,Champagne,12,1,,,
D4128A,Champagne,14,0,,,
D4128A,Champagne,16,0,,,
,,,,,,
D4142A,Gunmetal,0,4,,,
D4142A,Gunmetal,2,6,,,
D4142A,Gunmetal,4,14,,,
D4142A,Gunmetal,6,11,,,
D4142A,Gunmetal,8,11,,,
D4142A,Gunmetal,10,13,,,
D4142A,Gunmetal,12,7,,,
D4142A,Gunmetal,14,3,,,
D4142A,Gunmetal,16,0,,,
,,,,,,
D4160A,Gold,0,0,,,
D4160A,Gold,2,0,,,
D4160A,Gold,4,0,,,
D4160A,Gold,6,0,,,
D4160A,Gold,8,0,,,
D4160A,Gold,10,0,,,
D4160A,Gold,12,1,,,
D4160A,Gold,14,0,,,
D4160A,Gold,16,0,,,
,,,,,,
D4173A,Gold,0,0,,,
D4173A,Gold,2,0,,,
D4173A,Gold,4,1,,,
D4173A,Gold,6,0,,,
D4173A,Gold,8,0,,,
D4173A,Gold,10,0,,,
D4173A,Gold,12,0,,,
D4173A,Gold,14,0,,,
D4173A,Gold,16,0,,,
,,,,,,
D4213A,Silver,0,0,,,
D4213A,Silver,2,0,,,
D4213A,Silver,4,8,,,
D4213A,Silver,6,0,,,
D4213A,Silver,8,2,,,
D4213A,Silver,10,0,,,
D4213A,Silver,12,0,,,
D4213A,Silver,14,0,,,
D4213A,Silver,16,0,,,
,,,,,,
D4195A,Gunmetal,0,0,,,
D4195A,Gunmetal,2,3,,,
D4195A,Gunmetal,4,4,,,
D4195A,Gunmetal,6,6,,,
D4195A,Gunmetal,8,2,,,
D4195A,Gunmetal,10,3,,,
D4195A,Gunmetal,12,0,,,
D4195A,Gunmetal,14,0,,,
,,16,0,,,
,,,,,,
D4228A,Green,0,0,,,
D4228A,Green,2,4,,,
D4228A,Green,4,0,,,
D4228A,Green,6,0,,,
D4228A,Green,8,0,,,
D4228A,Green,10,0,,,
D4228A,Green,12,0,,,
D4228A,Green,14,0,,,
D4228A,Green,16,0,,,
,,,,,,
D4237A,Pink,0,0,,,
D4237A,Pink,2,5,,,
D4237A,Pink,4,3,,,
D4237A,Pink,6,1,,,
D4237A,Pink,8,4,,,
D4237A,Pink,10,0,,,
D4237A,Pink,12,0,,,
D4237A,Pink,14,0,,,
D4237A,Pink,16,0,,,
,,,,,,
D4239A,Pink,0,0,,,
D4239A,Pink,2,0,,,
D4239A,Pink,4,4,,,
D4239A,Pink,6,10,,,
D4239A,Pink,8,6,,,
D4239A,Pink,10,0,,,
D4239A,Pink,12,0,,,
D4239A,Pink,14,0,,,
D4239A,Pink,16,0,,,
,,,,,,
D4246A,red,0,0,,,
D4246A,red,2,4,,,
D4246A,red,4,3,,,
D4246A,red,6,5,,,
D4246A,red,8,1,,,
D4246A,red,10,0,,,
D4246A,red,12,0,,,
D4246A,red,14,0,,,
D4246A,red,16,0,,,
,,,,,,
D4263A,Green,0,0,,,
D4263A,Green,2,0,,,
D4263A,Green,4,0,,,
D4263A,Green,6,0,,,
D4263A,Green,8,0,,,
D4263A,Green,10,7,,,
D4263A,Green,12,2,,,
D4263A,Green,14,0,,,
D4263A,Green,16,0,,,
,,,,,,
D4268A,Navy,0,0,,,
D4268A,Navy,2,2,,,
D4268A,Navy,4,2,,,
D4268A,Navy,6,0,,,
D4268A,Navy,8,0,,,
D4268A,Navy,10,0,,,
D4268A,Navy,12,0,,,
D4268A,Navy,14,0,,,
D4268A,Navy,16,0,,,
,,,,,,
D4279A,Black,0,0,,,
D4279A,Black,2,3,,,
D4279A,Black,4,2,,,
D4279A,Black,6,2,,,
D4279A,Black,8,2,,,
D4279A,Black,10,1,,,
D4279A,Black,12,1,,,
D4279A,Black,14,0,,,
D4279A,Black,16,0,,,
,,,,,,
D4292A,black,0,0,,,
D4292A,black,2,0,,,
D4292A,black,4,3,,,
D4292A,black,6,0,,,
D4292A,black,8,0,,,
D4292A,black,10,0,,,
D4292A,black,12,1,,,
D4292A,black,14,0,,,
D4292A,black,16,0,,,
,,,,,,
D4298A,black,0,0,,,
D4298A,black,2,2,,,
D4298A,black,4,0,,,
D4298A,black,6,0,,,
D4298A,black,8,0,,,
D4298A,black,10,0,,,
D4298A,black,12,0,,,
D4298A,black,14,0,,,
D4298A,black,16,0,,,
,,,,,,
D4319A,black,0,0,,,
D4319A,black,2,0,,,
D4319A,black,4,1,,,
D4319A,black,6,0,,,
D4319A,black,8,0,,,
D4319A,black,10,0,,,
D4319A,black,12,0,,,
D4319A,black,14,0,,,
D4319A,black,16,0,,,
,,,,,,
D4322A,black,0,0,,,
D4322A,black,2,1,,,
D4322A,black,4,0,,,
D4322A,black,6,0,,,
D4322A,black,8,0,,,
D4322A,black,10,0,,,
D4322A,black,12,0,,,
D4322A,black,14,0,,,
D4322A,black,16,0,,,
,,,,,,
D4341A,Purple,0,0,,,
D4341A,Purple,2,0,,,
D4341A,Purple,4,1,,,
D4341A,Purple,6,0,,,
D4341A,Purple,8,0,,,
D4341A,Purple,10,0,,,
D4341A,Purple,12,0,,,
D4341A,Purple,14,0,,,
D4341A,Purple,16,0,,,
,,,,,,
D4343A,Champagne,0,0,,,
D4343A,Champagne,2,2,,,
D4343A,Champagne,4,1,,,
D4343A,Champagne,6,1,,,
D4343A,Champagne,8,2,,,
D4343A,Champagne,10,1,,,
D4343A,Champagne,12,0,,,
D4343A,Champagne,14,0,,,
D4343A,Champagne,16,0,,,
,,,,,,
D4345A,green,0,0,,,
D4345A,green,2,2,,,
D4345A,green,4,1,,,
D4345A,green,6,1,,,
D4345A,green,8,0,,,
D4345A,green,10,0,,,
D4345A,green,12,0,,,
D4345A,green,14,0,,,
D4345A,green,16,0,,,
,,,,,,
D4356A,Black,0,0,,,
D4356A,Black,2,0,,,
D4356A,Black,4,1,,,
D4356A,Black,6,0,,,
D4356A,Black,8,0,,,
D4356A,Black,10,0,,,
D4356A,Black,12,0,,,
D4356A,Black,14,0,,,
D4356A,Black,16,0,,,
,,,,,,
D4375A,Purple,0,0,,,
D4375A,Purple,2,0,,,
D4375A,Purple,4,1,,,
D4375A,Purple,6,0,,,
D4375A,Purple,8,0,,,
D4375A,Purple,10,1,,,
D4375A,Purple,12,0,,,
D4375A,Purple,14,1,,,
D4375A,Purple,16,0,,,
,,,,,,
D4383A,Purple,0,0,,,
D4383A,Purple,2,0,,,
D4383A,Purple,4,0,,,
D4383A,Purple,6,0,,,
D4383A,Purple,8,0,,,
D4383A,Purple,10,0,,,
D4383A,Purple,12,1,,,
D4383A,Purple,14,1,,,
D4383A,Purple,16,3,,,
,,,,,,
D4390A,black,0,0,,,
D4390A,black,2,2,,,
D4390A,black,4,2,,,
D4390A,black,6,0,,,
D4390A,black,8,0,,,
D4390A,black,10,0,,,
D4390A,black,12,0,,,
D4390A,black,14,0,,,
D4390A,black,16,0,,,
,,,,,,
D4399A,black,0,0,,,
D4399A,black,2,0,,,
D4399A,black,4,0,,,
D4399A,black,6,2,,,
D4399A,black,8,0,,,
D4399A,black,10,0,,,
D4399A,black,12,0,,,
D4399A,black,14,0,,,
D4399A,black,16,0,,,
,,,,,,
D4404,Red,0,0,,,
D4404,Red,2,0,,,
D4404,Red,4,1,,,
D4404,Red,6,0,,,
D4404,Red,8,0,,,
D4404,Red,10,0,,,
D4404,Red,12,0,,,
D4404,Red,14,0,,,
D4404,Red,16,0,,,
,,,,,,
D4414A,Green,0,0,,,
D4414A,Green,2,0,,,
D4414A,Green,4,2,,,
D4414A,Green,6,5,,,
D4414A,Green,8,2,,,
D4414A,Green,10,6,,,
D4414A,Green,12,3,,,
D4414A,Green,14,4,,,
D4414A,Green,16,2,,,
,,,,,,
D4460A,Black,0,6,,,
D4460A,Black,2,6,,,
D4460A,Black,4,2,,,
D4460A,Black,6,5,,,
D4460A,Black,8,2,,,
D4460A,Black,10,2,,,
D4460A,Black,12,0,,,
D4460A,Black,14,0,,,
D4460A,Black,16,0,,,
,,,,,,
D4460A,Red,0,0,,,
D4460A,Red,2,0,,,
D4460A,Red,4,3,,,
D4460A,Red,6,4,,,
D4460A,Red,8,1,,,
D4460A,Red,10,1,,,
D4460A,Red,12,0,,,
D4460A,Red,14,0,,,
D4460A,Red,16,0,,,
,,,,,,
D4467,Black,0,0,,,
D4467,Black,2,0,,,
D4467,Black,4,1,,,
D4467,Black,6,1,,,
D4467,Black,8,0,,,
D4467,Black,10,0,,,
D4467,Black,12,0,,,
D4467,Black,14,0,,,
D4467,Black,16,0,,,
,,,,,,
D4467A,black,0,0,,,
D4467A,black,2,0,,,
D4467A,black,4,0,,,
D4467A,black,6,2,,,
D4467A,black,8,0,,,
D4467A,black,10,0,,,
D4467A,black,12,0,,,
D4467A,black,14,0,,,
D4467A,black,16,0,,,
,,,,,,
D4467A,Red,0,0,,,
D4467A,Red,2,0,,,
D4467A,Red,4,0,,,
D4467A,Red,6,1,,,
D4467A,Red,8,1,,,
D4467A,Red,10,2,,,
D4467A,Red,12,2,,,
D4467A,Red,14,2,,,
D4467A,Red,16,1,,,
,,,,,,
D4467AA,black,0,0,,,
D4467AA,black,2,0,,,
D4467AA,black,4,1,,,
D4467AA,black,6,2,,,
D4467AA,black,8,3,,,
D4467AA,black,10,5,,,
D4467AA,black,12,0,,,
D4467AA,black,14,2,,,
D4467AA,black,16,2,,,
,,,,,,
D4468A,Blue,0,0,,,
D4468A,Blue,2,0,,,
D4468A,Blue,4,1,,,
D4468A,Blue,6,0,,,
D4468A,Blue,8,0,,,
D4468A,Blue,10,0,,,
D4468A,Blue,12,0,,,
D4468A,Blue,14,0,,,
D4468A,Blue,16,1,,,
,,,,,,
D4468A,Green,0,0,,,
D4468A,Green,2,0,,,
D4468A,Green,4,0,,,
D4468A,Green,6,2,,,
D4468A,Green,8,2,,,
D4468A,Green,10,0,,,
D4468A,Green,12,1,,,
D4468A,Green,14,1,,,
D4468A,Green,16,2,,,
,,,,,,
D4469A,Charcoal,0,3,,,
D4469A,Charcoal,2,6,,,
D4469A,Charcoal,4,3,,,
D4469A,Charcoal,6,5,,,
D4469A,Charcoal,8,0,,,
D4469A,Charcoal,10,0,,,
D4469A,Charcoal,12,0,,,
D4469A,Charcoal,14,0,,,
D4469A,Charcoal,16,0,,,
,,,,,,
D4470A,black,0,3,,,
D4470A,black,2,8,,,
D4470A,black,4,8,,,
D4470A,black,6,12,,,
D4470A,black,8,7,,,
D4470A,black,10,7,,,
D4470A,black,12,4,,,
D4470A,black,14,2,,,
D4470A,black,16,0,,,
,,,,,,
D4471A,Navy,0,0,,,
D4471A,Navy,2,1,,,
D4471A,Navy,4,2,,,
D4471A,Navy,6,3,,,
D4471A,Navy,8,0,,,
D4471A,Navy,10,0,,,
D4471A,Navy,12,0,,,
D4471A,Navy,14,0,,,
D4471A,Navy,16,0,,,
,,,,,,
D4481A,Black,0,0,,,
D4481A,Black,2,0,,,
D4481A,Black,4,3,,,
D4481A,Black,6,0,,,
D4481A,Black,8,1,,,
D4481A,Black,10,0,,,
D4481A,Black,12,0,,,
D4481A,Black,14,0,,,
D4481A,Black,16,0,,,
,,,,,,
D5016A,Navy,0,0,,,
D5016A,Navy,2,1,,,
D5016A,Navy,4,2,,,
D5016A,Navy,6,0,,,
D5016A,Navy,8,0,,,
D5016A,Navy,10,0,,,
D5016A,Navy,12,0,,,
D5016A,Navy,14,0,,,
D5016A,Navy,16,0,,,
,,,,,,
D5046A,Black,0,1,,,
D5046A,Black,2,4,,,
D5046A,Black,4,7,,,
D5046A,Black,6,2,,,
D5046A,Black,8,0,,,
D5046A,Black,10,0,,,
D5046A,Black,12,0,,,
D5046A,Black,14,0,,,
D5046A,Black,16,0,,,
,,,,,,
D5053A,blue,0,0,,,
D5053A,blue,2,1,,,
D5053A,blue,4,1,,,
D5053A,blue,6,2,,,
D5053A,blue,8,1,,,
D5053A,blue,10,0,,,
D5053A,blue,12,0,,,
D5053A,blue,14,0,,,
D5053A,blue,16,0,,,
,,,,,,
D5053A,Champagne,0,0,,,
D5053A,Champagne,2,2,,,
D5053A,Champagne,4,1,,,
D5053A,Champagne,6,4,,,
D5053A,Champagne,8,0,,,
D5053A,Champagne,10,0,,,
D5053A,Champagne,12,0,,,
D5053A,Champagne,14,0,,,
D5053A,Champagne,16,0,,,
,,,,,,
D5053A,Silver,0,0,,,
D5053A,Silver,2,1,,,
D5053A,Silver,4,0,,,
D5053A,Silver,6,1,,,
D5053A,Silver,8,1,,,
D5053A,Silver,10,0,,,
D5053A,Silver,12,0,,,
D5053A,Silver,14,0,,,
D5053A,Silver,16,0,,,
,,,,,,
D5064A,Green,0,0,,,
D5064A,Green,2,0,,,
D5064A,Green,4,1,,,
D5064A,Green,6,0,,,
D5064A,Green,8,0,,,
D5064A,Green,10,0,,,
D5064A,Green,12,0,,,
D5064A,Green,14,0,,,
D5064A,Green,16,0,,,
,,,,,,
D5068A,Orange,0,0,,,
D5068A,Orange,2,2,,,
D5068A,Orange,4,2,,,
D5068A,Orange,6,3,,,
D5068A,Orange,8,0,,,
D5068A,Orange,10,0,,,
D5068A,Orange,12,0,,,
D5068A,Orange,14,0,,,
D5068A,Orange,16,0,,,
,,,,,,
D5070A,White,0,0,,,
D5070A,White,2,2,,,
D5070A,White,4,7,,,
D5070A,White,6,8,,,
D5070A,White,8,1,,,
D5070A,White,10,0,,,
D5070A,White,12,0,,,
D5070A,White,14,0,,,
D5070A,White,16,0,,,
,,,,,,
D5071A,Green,0,0,,,
D5071A,Green,2,1,,,
D5071A,Green,4,0,,,
D5071A,Green,6,0,,,
D5071A,Green,8,0,,,
D5071A,Green,10,0,,,
D5071A,Green,12,0,,,
D5071A,Green,14,0,,,
D5071A,Green,16,0,,,
,,,,,,
D5072A,White,0,0,,,
D5072A,White,2,0,,,
D5072A,White,4,1,,,
D5072A,White,6,0,,,
D5072A,White,8,0,,,
D5072A,White,10,0,,,
D5072A,White,12,0,,,
D5072A,White,14,0,,,
D5072A,White,16,0,,,
,,,,,,
D5073A,Blue,0,0,,,
D5073A,Blue,2,0,,,
D5073A,Blue,4,0,,,
D5073A,Blue,6,0,,,
D5073A,Blue,8,2,,,
D5073A,Blue,10,0,,,
D5073A,Blue,12,0,,,
D5073A,Blue,14,0,,,
D5073A,Blue,16,0,,,
,,,,,,
D5073A,Purple,0,0,,,
D5073A,Purple,2,4,,,
D5073A,Purple,4,4,,,
D5073A,Purple,6,3,,,
D5073A,Purple,8,0,,,
D5073A,Purple,10,0,,,
D5073A,Purple,12,0,,,
D5073A,Purple,14,1,,,
D5073A,Purple,16,0,,,
,,,,,,
D5076A,Blue,0,0,,,
D5076A,Blue,2,1,,,
D5076A,Blue,4,1,,,
D5076A,Blue,6,4,,,
D5076A,Blue,8,1,,,
D5076A,Blue,10,2,,,
D5076A,Blue,12,1,,,
D5076A,Blue,14,0,,,
D5076A,Blue,16,0,,,
,,,,,,
D5076A,Red,0,7,,,
D5076A,Red,2,15,,,
D5076A,Red,4,7,,,
D5076A,Red,6,5,,,
D5076A,Red,8,0,,,
D5076A,Red,10,0,,,
D5076A,Red,12,0,,,
D5076A,Red,14,0,,,
D5076A,Red,16,0,,,
,,,,,,
D5082A,Black,0,0,,,
D5082A,Black,2,0,,,
D5082A,Black,4,0,,,
D5082A,Black,6,0,,,
D5082A,Black,8,0,,,
D5082A,Black,10,2,,,
D5082A,Black,12,0,,,
D5082A,Black,14,0,,,
D5082A,Black,16,0,,,
,,,,,,
D5088A,Blue,0,0,,,
D5088A,Blue,2,0,,,
D5088A,Blue,4,3,,,
D5088A,Blue,6,1,,,
D5088A,Blue,8,6,,,
D5088A,Blue,10,0,,,
D5088A,Blue,12,0,,,
D5088A,Blue,14,0,,,
D5088A,Blue,16,0,,,
,,,,,,
D5089A,Pink,0,0,,,
D5089A,Pink,2,0,,,
D5089A,Pink,4,0,,,
D5089A,Pink,6,0,,,
D5089A,Pink,8,1,,,
D5089A,Pink,10,1,,,
D5089A,Pink,12,1,,,
D5089A,Pink,14,0,,,
D5089A,Pink,16,0,,,
,,,,,,
D5091A,Green,0,0,,,
D5091A,Green,2,3,,,
D5091A,Green,4,7,,,
D5091A,Green,6,9,,,
D5091A,Green,8,3,,,
D5091A,Green,10,4,,,
D5091A,Green,12,0,,,
D5091A,Green,14,1,,,
D5091A,Green,16,0,,,
,,,,,,
D5107A,Blue,0,0,,,
D5107A,Blue,2,4,,,
D5107A,Blue,4,6,,,
D5107A,Blue,6,7,,,
D5107A,Blue,8,4,,,
D5107A,Blue,10,3,,,
D5107A,Blue,12,0,,,
D5107A,Blue,14,2,,,
D5107A,Blue,16,0,,,
,,,,,,
D5114A,Black,0,0,,,
D5114A,Black,2,0,,,
D5114A,Black,4,0,,,
D5114A,Black,6,2,,,
D5114A,Black,8,1,,,
D5114A,Black,10,0,,,
D5114A,Black,12,0,,,
D5114A,Black,14,0,,,
D5114A,Black,16,0,,,
,,,,,,
D5114A,Gray,0,0,,,
D5114A,Gray,2,1,,,
D5114A,Gray,4,3,,,
D5114A,Gray,6,0,,,
D5114A,Gray,8,0,,,
D5114A,Gray,10,0,,,
D5114A,Gray,12,0,,,
D5114A,Gray,14,0,,,
D5114A,Gray,16,0,,,
,,,,,,
D5115A,Black,0,0,,,
D5115A,Black,2,0,,,
D5115A,Black,4,1,,,
D5115A,Black,6,0,,,
D5115A,Black,8,0,,,
D5115A,Black,10,0,,,
D5115A,Black,12,0,,,
D5115A,Black,14,0,,,
D5115A,Black,16,1,,,
,,,,,,
D5115A,Silver,0,0,,,
D5115A,Silver,2,0,,,
D5115A,Silver,4,0,,,
D5115A,Silver,6,2,,,
D5115A,Silver,8,2,,,
D5115A,Silver,10,3,,,
D5115A,Silver,12,2,,,
D5115A,Silver,14,1,,,
D5115A,Silver,16,0,,,
,,,,,,
D5116A,Black,0,0,,,
D5116A,Black,2,2,,,
D5116A,Black,4,2,,,
D5116A,Black,6,4,,,
D5116A,Black,8,0,,,
D5116A,Black,10,0,,,
D5116A,Black,12,0,,,
D5116A,Black,14,1,,,
D5116A,Black,16,0,,,
,,,,,,
D5116A,Gold,0,0,,,
D5116A,Gold,2,2,,,
D5116A,Gold,4,1,,,
D5116A,Gold,6,0,,,
D5116A,Gold,8,0,,,
D5116A,Gold,10,0,,,
D5116A,Gold,12,0,,,
D5116A,Gold,14,0,,,
D5116A,Gold,16,0,,,
,,,,,,
D5116A,silver,0,0,,,
D5116A,Silver,2,0,,,
D5116A,Silver,4,0,,,
D5116A,Silver,6,9,,,
D5116A,Silver,8,3,,,
D5116A,Silver,10,1,,,
D5116A,Silver,12,0,,,
D5116A,Silver,14,0,,,
D5116A,Silver,16,0,,,
,,,,,,
D5118A,silver,0,3,,,
D5118A,Silver,2,4,,,
D5118A,Silver,4,5,,,
D5118A,Silver,6,3,,,
D5118A,Silver,8,1,,,
D5118A,Silver,10,0,,,
D5118A,Silver,12,0,,,
D5118A,Silver,14,0,,,
D5118A,Silver,16,0,,,
,,,,,,
D5130A,Black,0,5,,,
D5130A,Black,2,2,,,
D5130A,Black,4,3,,,
D5130A,Black,6,2,,,
D5130A,Black,8,0,,,
D5130A,Black,10,0,,,
D5130A,Black,12,0,,,
D5130A,Black,14,0,,,
D5130A,Black,16,0,,,
,,,,,,
D5133A,Gray,0,0,,,
D5133A,Gray,2,0,,,
D5133A,Gray,4,0,,,
D5133A,Gray,6,0,,,
D5133A,Gray,8,0,,,
D5133A,Gray,10,0,,,
D5133A,Gray,12,7,,,
D5133A,Gray,14,1,,,
D5133A,Gray,16,0,,,
,,,,,,
D5133A,White,0,0,,,
D5133A,White,2,2,,,
D5133A,White,4,7,,,
D5133A,White,6,6,,,
D5133A,White,8,4,,,
D5133A,White,10,4,,,
D5133A,White,12,1,,,
D5133A,White,14,2,,,
D5133A,White,16,0,,,
,,,,,,
D5137A,Blue,0,0,,,
D5137A,Blue,2,0,,,
D5137A,Blue,4,0,,,
D5137A,Blue,6,1,,,
D5137A,Blue,8,0,,,
D5137A,Blue,10,0,,,
D5137A,Blue,12,0,,,
D5137A,Blue,14,0,,,
D5137A,Blue,16,0,,,
,,,,,,
D5137A,Champagne,0,0,,,
D5137A,Champagne,2,0,,,
D5137A,Champagne,4,0,,,
D5137A,Champagne,6,1,,,
D5137A,Champagne,8,0,,,
D5137A,Champagne,10,0,,,
D5137A,Champagne,12,0,,,
D5137A,Champagne,14,1,,,
D5137A,Champagne,16,0,,,
,,,,,,
D5141A,Black,0,1,,,
D5141A,Black,2,3,,,
D5141A,Black,4,1,,,
D5141A,Black,6,4,,,
D5141A,Black,8,2,,,
D5141A,Black,10,2,,,
D5141A,Black,12,1,,,
D5141A,Black,14,2,,,
D5141A,Black,16,0,,,
,,,,,,
D5145A,Black,0,2,,,
D5145A,Black,2,0,,,
D5145A,Black,4,0,,,
D5145A,Black,6,2,,,
D5145A,Black,8,1,,,
D5145A,Black,10,0,,,
D5145A,Black,12,0,,,
D5145A,Black,14,1,,,
D5145A,Black,16,0,,,
,,,,,,
D5150A,Gold,0,0,,,
D5150A,Gold,2,1,,,
D5150A,Gold,4,0,,,
D5150A,Gold,6,0,,,
D5150A,Gold,8,0,,,
D5150A,Gold,10,0,,,
D5150A,Gold,12,0,,,
D5150A,Gold,14,0,,,
D5150A,Gold,16,0,,,
,,,,,,
D5150A,Silver,0,0,,,
D5150A,Silver,2,0,,,
D5150A,Silver,4,0,,,
D5150A,Silver,6,0,,,
D5150A,Silver,8,0,,,
D5150A,Silver,10,0,,,
D5150A,Silver,12,2,,,
D5150A,Silver,14,2,,,
D5150A,Silver,16,0,,,
,,,,,,
D5154A,black,0,0,,,
D5154A,black,2,4,,,
D5154A,black,4,6,,,
D5154A,black,6,10,,,
D5154A,black,8,10,,,
D5154A,black,10,1,,,
D5154A,black,12,0,,,
D5154A,black,14,0,,,
D5154A,black,16,0,,,
,,,,,,
D5154A,White,0,0,,,
D5154A,White,2,0,,,
D5154A,White,4,0,,,
D5154A,White,6,1,,,
D5154A,White,8,0,,,
D5154A,White,10,0,,,
D5154A,White,12,0,,,
D5154A,White,14,0,,,
D5154A,White,16,0,,,
,,,,,,
D5159A,Red,0,0,,,
D5159A,Red,2,0,,,
D5159A,Red,4,4,,,
D5159A,Red,6,5,,,
D5159A,Red,8,14,,,
D5159A,Red,10,0,,,
D5159A,Red,12,0,,,
D5159A,Red,14,0,,,
D5159A,Red,16,0,,,
,,,,,,
D5166A,black,0,0,,,
D5166A,black,2,1,,,
D5166A,black,4,3,,,
D5166A,black,6,2,,,
D5166A,black,8,2,,,
D5166A,black,10,0,,,
D5166A,black,12,3,,,
D5166A,black,14,0,,,
D5166A,black,16,1,,,
,,,,,,
D5175A,black,0,0,,,
D5175A,black,2,13,,,
D5175A,black,4,0,,,
D5175A,black,6,0,,,
D5175A,black,8,11,,,
D5175A,black,10,14,,,
D5175A,black,12,15,,,
D5175A,black,14,5,,,
D5175A,black,16,0,,,
,,,,,,
D5181A,black,0,0,,,
D5181A,black,2,0,,,
D5181A,black,4,2,,,
D5181A,black,6,0,,,
D5181A,black,8,0,,,
D5181A,black,10,0,,,
D5181A,black,12,0,,,
D5181A,black,14,0,,,
D5181A,black,16,0,,,
,,,,,,
D5189A,black,0,0,,,
D5189A,black,2,2,,,
D5189A,black,4,3,,,
D5189A,black,6,5,,,
D5189A,black,8,3,,,
D5189A,black,10,0,,,
D5189A,black,12,0,,,
D5189A,black,14,0,,,
D5189A,black,16,0,,,
,,,,,,
D5190A,Blue,0,0,,,
D5190A,Blue,2,3,,,
D5190A,Blue,4,0,,,
D5190A,Blue,6,0,,,
D5190A,Blue,8,0,,,
D5190A,Blue,10,0,,,
D5190A,Blue,12,0,,,
D5190A,Blue,14,0,,,
D5190A,Blue,16,0,,,
,,,,,,
D5191A,Black,0,0,,,
D5191A,Black,2,1,,,
D5191A,Black,4,0,,,
D5191A,Black,6,1,,,
D5191A,Black,8,0,,,
D5191A,Black,10,0,,,
D5191A,Black,12,0,,,
D5191A,Black,14,0,,,
D5191A,Black,16,0,,,
,,,,,,
D5199A,Black,0,0,,,
D5199A,Black,2,1,,,
D5199A,Black,4,0,,,
D5199A,Black,6,1,,,
D5199A,Black,8,0,,,
D5199A,Black,10,0,,,
D5199A,Black,12,0,,,
D5199A,Black,14,0,,,
D5199A,Black,16,0,,,
,,,,,,
D5206A,Black,0,0,,,
D5206A,Black,2,0,,,
D5206A,Black,4,0,,,
D5206A,Black,6,1,,,
D5206A,Black,8,2,,,
D5206A,Black,10,1,,,
D5206A,Black,12,0,,,
D5206A,Black,14,0,,,
D5206A,Black,16,0,,,
,,,,,,
D5210A,Silver,0,0,,,
D5210A,Silver,2,2,,,
D5210A,Silver,4,7,,,
D5210A,Silver,6,11,,,
D5210A,Silver,8,0,,,
D5210A,Silver,10,0,,,
D5210A,Silver,12,0,,,
D5210A,Silver,14,0,,,
D5210A,Silver,16,0,,,
,,,,,,
D5211A,Gunmetal,0,2,,,
D5211A,Gunmetal,2,11,,,
D5211A,Gunmetal,4,2,,,
D5211A,Gunmetal,6,1,,,
D5211A,Gunmetal,8,2,,,
D5211A,Gunmetal,10,0,,,
D5211A,Gunmetal,12,0,,,
D5211A,Gunmetal,14,0,,,
D5211A,Gunmetal,16,0,,,
,,,,,,
D5211A,Yellow,0,4,,,
D5211A,Yellow,2,10,,,
D5211A,Yellow,4,4,,,
D5211A,Yellow,6,0,,,
D5211A,Yellow,8,0,,,
D5211A,Yellow,10,0,,,
D5211A,Yellow,12,0,,,
D5211A,Yellow,14,0,,,
D5211A,Yellow,16,0,,,
,,,,,,
D5212A,Black,0,2,,,
D5212A,Black,2,1,,,
D5212A,Black,4,0,,,
D5212A,Black,6,2,,,
D5212A,Black,8,1,,,
D5212A,Black,10,1,,,
D5212A,Black,12,0,,,
D5212A,Black,14,1,,,
D5212A,Black,16,0,,,
,,,,,,
D5212A,Silver,0,5,,,
D5212A,Silver,2,34,,,
D5212A,Silver,4,0,,,
D5212A,Silver,6,6,,,
D5212A,Silver,8,0,,,
D5212A,Silver,10,0,,,
D5212A,Silver,12,0,,,
D5212A,Silver,14,0,,,
D5212A,Silver,16,0,,,
,,,,,,
D5213A,Blonde,0,6,,,
D5213A,Blonde,2,12,,,
D5213A,Blonde,4,14,,,
D5213A,Blonde,6,7,,,
D5213A,Blonde,8,0,,,
D5213A,Blonde,10,0,,,
D5213A,Blonde,12,0,,,
D5213A,Blonde,14,0,,,
D5213A,Blonde,16,0,,,
,,,,,,
D5213A,White,0,0,,,
D5213A,White,2,0,,,
D5213A,White,4,1,,,
D5213A,White,6,0,,,
D5213A,White,8,0,,,
D5213A,White,10,0,,,
D5213A,White,12,0,,,
D5213A,White,14,0,,,
D5213A,White,16,0,,,
,,,,,,
D5214A,Black,0,4,,,
D5214A,Black,2,4,,,
D5214A,Black,4,3,,,
D5214A,Black,6,0,,,
D5214A,Black,8,0,,,
D5214A,Black,10,0,,,
D5214A,Black,12,0,,,
D5214A,Black,14,0,,,
D5214A,Black,16,0,,,
,,,,,,
D5214A,Purple,0,0,,,
D5214A,Purple,2,0,,,
D5214A,Purple,4,1,,,
D5214A,Purple,6,0,,,
D5214A,Purple,8,0,,,
D5214A,Purple,10,0,,,
D5214A,Purple,12,0,,,
D5214A,Purple,14,0,,,
D5214A,Purple,16,0,,,
,,,,,,
D5214A,Silver,0,0,,,
D5214A,Silver,2,1,,,
D5214A,Silver,4,0,,,
D5214A,Silver,6,0,,,
D5214A,Silver,8,0,,,
D5214A,Silver,10,0,,,
D5214A,Silver,12,0,,,
D5214A,Silver,14,0,,,
D5214A,Silver,16,0,,,
,,,,,,
D5215A,Black,0,0,,,
D5215A,Black,2,1,,,
D5215A,Black,4,2,,,
D5215A,Black,6,0,,,
D5215A,Black,8,0,,,
D5215A,Black,10,0,,,
D5215A,Black,12,0,,,
D5215A,Black,14,0,,,
D5215A,Black,16,0,,,
,,,,,,
D5220A,Silver,0,0,,,
D5220A,Silver,2,0,,,
D5220A,Silver,4,2,,,
D5220A,Silver,6,2,,,
D5220A,Silver,8,0,,,
D5220A,Silver,10,0,,,
D5220A,Silver,12,0,,,
D5220A,Silver,14,0,,,
D5220A,Silver,16,0,,,
,,,,,,
D5222A,black,0,0,,,
D5222A,black,2,2,,,
D5222A,black,4,0,,,
D5222A,black,6,0,,,
D5222A,black,8,0,,,
D5222A,black,10,0,,,
D5222A,black,12,1,,,
D5222A,black,14,0,,,
D5222A,black,16,0,,,
,,,,,,
D5223A,Gray,0,0,,,
D5223A,Gray,2,1,,,
D5223A,Gray,4,0,,,
D5223A,Gray,6,0,,,
D5223A,Gray,8,0,,,
D5223A,Gray,10,0,,,
D5223A,Gray,12,0,,,
D5223A,Gray,14,0,,,
D5223A,Gray,16,0,,,
,,,,,,
D5224A,Green,0,1,,,
D5224A,Green,2,1,,,
D5224A,Green,4,0,,,
D5224A,Green,6,0,,,
D5224A,Green,8,0,,,
D5224A,Green,10,0,,,
D5224A,Green,12,0,,,
D5224A,Green,14,0,,,
D5224A,Green,16,0,,,
,,,,,,
D5225A,Black,0,0,,,
D5225A,Black,2,4,,,
D5225A,Black,4,5,,,
D5225A,Black,6,0,,,
D5225A,Black,8,0,,,
D5225A,Black,10,0,,,
D5225A,Black,12,0,,,
D5225A,Black,14,0,,,
D5225A,Black,16,0,,,
,,,,,,
D5226A,Black,0,0,,,
D5226A,Black,2,7,,,
D5226A,Black,4,0,,,
D5226A,Black,6,0,,,
D5226A,Black,8,0,,,
D5226A,Black,10,0,,,
D5226A,Black,12,0,,,
D5226A,Black,14,0,,,
D5226A,Black,16,0,,,
,,,,,,
D5227A,Black,0,0,,,
D5227A,Black,2,0,,,
D5227A,Black,4,0,,,
D5227A,Black,6,0,,,
D5227A,Black,8,6,,,
D5227A,Black,10,0,,,
D5227A,Black,12,3,,,
D5227A,Black,14,0,,,
D5227A,Black,16,0,,,
,,,,,,
D5233A,Silver,0,0,,,
D5233A,Silver,2,0,,,
D5233A,Silver,4,4,,,
D5233A,Silver,6,3,,,
D5233A,Silver,8,1,,,
D5233A,Silver,10,0,,,
D5233A,Silver,12,2,,,
D5233A,Silver,14,2,,,
D5233A,Silver,16,0,,,
,,,,,,
D5234A,Charcoal,0,0,,,
D5234A,Charcoal,2,1,,,
D5234A,Charcoal,4,0,,,
D5234A,Charcoal,6,0,,,
D5234A,Charcoal,8,1,,,
D5234A,Charcoal,10,0,,,
D5234A,Charcoal,12,1,,,
D5234A,Charcoal,14,0,,,
D5234A,Charcoal,16,0,,,
,,,,,,
D5236A,Black,0,1,,,
D5236A,Black,2,2,,,
D5236A,Black,4,5,,,
D5236A,Black,6,6,,,
D5236A,Black,8,5,,,
D5236A,Black,10,1,,,
D5236A,Black,12,1,,,
D5236A,Black,14,1,,,
D5236A,Black,16,0,,,
,,,,,,
D5237A,Black,0,1,,,
D5237A,Black,2,2,,,
D5237A,Black,4,3,,,
D5237A,Black,6,0,,,
D5237A,Black,8,2,,,
D5237A,Black,10,2,,,
D5237A,Black,12,1,,,
D5237A,Black,14,2,,,
D5237A,Black,16,0,,,
,,,,,,
D5237A,Blue,0,1,,,
D5237A,Blue,2,5,,,
D5237A,Blue,4,2,,,
D5237A,Blue,6,2,,,
D5237A,Blue,8,0,,,
D5237A,Blue,10,0,,,
D5237A,Blue,12,0,,,
D5237A,Blue,14,0,,,
D5237A,Blue,16,0,,,
,,,,,,
D5237A,Navy,0,0,,,
D5237A,Navy,2,4,,,
D5237A,Navy,4,4,,,
D5237A,Navy,6,4,,,
D5237A,Navy,8,3,,,
D5237A,Navy,10,0,,,
D5237A,Navy,12,1,,,
D5237A,Navy,14,2,,,
D5237A,Navy,16,0,,,
,,,,,,
D5237A,Yellow,0,0,,,
D5237A,Yellow,2,1,,,
D5237A,Yellow,4,1,,,
D5237A,Yellow,6,1,,,
D5237A,Yellow,8,4,,,
D5237A,Yellow,10,0,,,
D5237A,Yellow,12,0,,,
D5237A,Yellow,14,0,,,
D5237A,Yellow,16,0,,,
,,,,,,
D5241A,black,0,0,,,
D5241A,black,2,3,,,
D5241A,black,4,10,,,
D5241A,black,6,4,,,
D5241A,black,8,0,,,
D5241A,black,10,0,,,
D5241A,black,12,0,,,
D5241A,black,14,0,,,
D5241A,black,16,0,,,
,,,,,,
D5243A,Multi,0,3,,,
D5243A,Multi,2,13,,,
D5243A,Multi,4,14,,,
D5243A,Multi,6,6,,,
D5243A,Multi,8,0,,,
D5243A,Multi,10,0,,,
D5243A,Multi,12,0,,,
D5243A,Multi,14,0,,,
D5243A,Multi,16,0,,,
,,,,,,
D5245A,Multi,0,0,,,
D5245A,Multi,2,1,,,
D5245A,Multi,4,4,,,
D5245A,Multi,6,4,,,
D5245A,Multi,8,0,,,
D5245A,Multi,10,0,,,
D5245A,Multi,12,0,,,
D5245A,Multi,14,0,,,
D5245A,Multi,16,0,,,
,,,,,,
D5255A,black,0,0,,,
D5255A,black,2,4,,,
D5255A,black,4,9,,,
D5255A,black,6,11,,,
D5255A,black,8,1,,,
D5255A,black,10,0,,,
D5255A,black,12,1,,,
D5255A,black,14,0,,,
D5255A,black,16,0,,,
,,,,,,
D5258,black,0,0,,,
D5258,black,2,0,,,
D5258,black,4,0,,,
D5258,black,6,0,,,
D5258,black,8,0,,,
D5258,black,10,0,,,
D5258,black,12,0,,,
D5258,black,14,1,,,
D5258,black,16,0,,,
,,,,,,
D5259A,Multi,0,0,,,
D5259A,Multi,2,1,,,
D5259A,Multi,4,2,,,
D5259A,Multi,6,1,,,
D5259A,Multi,8,1,,,
D5259A,Multi,10,0,,,
D5259A,Multi,12,0,,,
D5259A,Multi,14,0,,,
D5259A,Multi,16,0,,,
,,,,,,
D5260A,Blue,0,2,,,
D5260A,Blue,2,3,,,
D5260A,Blue,4,3,,,
D5260A,Blue,6,13,,,
D5260A,Blue,8,4,,,
D5260A,Blue,10,0,,,
D5260A,Blue,12,0,,,
D5260A,Blue,14,0,,,
D5260A,Blue,16,0,,,D4312L
,,,,,,D4312L
D5261A,Gunmetal,0,1,,,
D5261A,Gunmetal,2,1,,,
D5261A,Gunmetal,4,0,,,
D5261A,Gunmetal,6,0,,,
D5261A,Gunmetal,8,0,,,
D5261A,Gunmetal,10,0,,,
D5261A,Gunmetal,12,0,,,
D5261A,Gunmetal,14,0,,,
D5261A,Gunmetal,16,0,,,
,,,,,,
D5274A,Purple,0,0,,,
D5274A,Purple,2,1,,,
D5274A,Purple,4,1,,,
D5274A,Purple,6,1,,,
D5274A,Purple,8,2,,,
D5274A,Purple,10,3,,,
D5274A,Purple,12,0,,,
D5274A,Purple,14,3,,,
D5274A,Purple,16,1,,,
,,,,,,
D5276A,black,0,0,,,
D5276A,black,2,3,,,
D5276A,black,4,6,,,
D5276A,black,6,8,,,
D5276A,black,8,7,,,
D5276A,black,10,4,,,
D5276A,black,12,2,,,
D5276A,black,14,3,,,
D5276A,black,16,0,,,
,,,,,,
D5277A,Champagne,0,0,,,
D5277A,Champagne,2,0,,,
D5277A,Champagne,4,0,,,
D5277A,Champagne,6,0,,,
D5277A,Champagne,8,0,,,
D5277A,Champagne,10,0,,,
D5277A,Champagne,12,0,,,
D5277A,Champagne,14,0,,,
D5277A,Champagne,16,1,,,
,,,,,,
D5277A,Silver,0,0,,,
D5277A,Silver,2,5,,,
D5277A,Silver,4,3,,,
D5277A,Silver,6,4,,,
D5277A,Silver,8,1,,,
D5277A,Silver,10,0,,,
D5277A,Silver,12,0,,,
D5277A,Silver,14,0,,,
D5277A,Silver,16,0,,,
,,,,,,
D5277A,White,0,0,,,
D5277A,White,2,1,,,
D5277A,White,4,0,,,
D5277A,White,6,0,,,
D5277A,White,8,0,,,
D5277A,White,10,0,,,
D5277A,White,12,0,,,
D5277A,White,14,0,,,
D5277A,White,16,0,,,
,,,,,,
D5281A,black,0,0,,,
D5281A,black,2,0,,,
D5281A,black,4,1,,,
D5281A,black,6,2,,,
D5281A,black,8,2,,,
D5281A,black,10,2,,,
D5281A,black,12,3,,,
D5281A,black,14,2,,,
D5281A,black,16,1,,,
,,,,,,
D5281A,Gunmetal,0,0,,,
D5281A,Gunmetal,2,1,,,
D5281A,Gunmetal,4,2,,,
D5281A,Gunmetal,6,4,,,
D5281A,Gunmetal,8,3,,,
D5281A,Gunmetal,10,1,,,
D5281A,Gunmetal,12,0,,,
D5281A,Gunmetal,14,0,,,
D5281A,Gunmetal,16,0,,,
,,,,,,
D5285A,black,0,4,,,
D5285A,black,2,8,,,
D5285A,black,4,11,,,
D5285A,black,6,13,,,
D5285A,black,8,3,,,
D5285A,black,10,0,,,
D5285A,black,12,0,,,
D5285A,black,14,0,,,
D5285A,black,16,0,,,
,,,,,,
D5285A,Gold,0,0,,,
D5285A,Gold,2,1,,,
D5285A,Gold,4,0,,,
D5285A,Gold,6,0,,,
D5285A,Gold,8,0,,,
D5285A,Gold,10,0,,,
D5285A,Gold,12,0,,,
D5285A,Gold,14,0,,,
D5285A,Gold,16,0,,,
,,,,,,
D5285A,Navy,0,2,,,
D5285A,Navy,2,0,,,
D5285A,Navy,4,0,,,
D5285A,Navy,6,0,,,
D5285A,Navy,8,0,,,
D5285A,Navy,10,0,,,
D5285A,Navy,12,0,,,
D5285A,Navy,14,0,,,
D5285A,Navy,16,0,,,
,,,,,,
D5287A,Multi,0,0,,,
D5287A,Multi,2,2,,,
D5287A,Multi,4,3,,,
D5287A,Multi,6,0,,,
D5287A,Multi,8,2,,,
D5287A,Multi,10,0,,,
D5287A,Multi,12,0,,,
D5287A,Multi,14,0,,,
D5287A,Multi,16,0,,,
,,,,,,
D5288A,Black,0,0,,,
D5288A,Black,2,2,,,
D5288A,Black,4,1,,,
D5288A,Black,6,1,,,
D5288A,Black,8,0,,,
D5288A,Black,10,0,,,
D5288A,Black,12,1,,,
D5288A,Black,14,0,,,
D5288A,Black,16,0,,,
,,,,,,
D5295A,Black,0,0,,,
D5295A,Black,2,2,,,
D5295A,Black,4,0,,,
D5295A,Black,6,0,,,
D5295A,Black,8,0,,,
D5295A,Black,10,0,,,
D5295A,Black,12,0,,,
D5295A,Black,14,0,,,
D5295A,Black,16,0,,,
,,,,,,
D5309A,Blue,0,0,,,
D5309A,Blue,2,2,,,
D5309A,Blue,4,1,,,
D5309A,Blue,6,0,,,
D5309A,Blue,8,0,,,
D5309A,Blue,10,0,,,
D5309A,Blue,12,0,,,
D5309A,Blue,14,0,,,
D5309A,Blue,16,0,,,
,,,,,,
D5317A,Blue,0,0,,,
D5317A,Blue,2,2,,,
D5317A,Blue,4,4,,,
D5317A,Blue,6,0,,,
D5317A,Blue,8,0,,,
D5317A,Blue,10,0,,,
D5317A,Blue,12,0,,,
D5317A,Blue,14,0,,,
D5317A,Blue,16,0,,,
,,,,,,
D5342A,Black,0,0,,,
D5342A,Black,2,2,,,
D5342A,Black,4,0,,,
D5342A,Black,6,2,,,
D5342A,Black,8,0,,,
D5342A,Black,10,0,,,
D5342A,Black,12,1,,,
D5342A,Black,14,0,,,
D5342A,Black,16,0,,,
,,,,,,
D5347A,Blue,0,0,,,
D5347A,Blue,2,2,,,
D5347A,Blue,4,3,,,
D5347A,Blue,6,3,,,
D5347A,Blue,8,2,,,
D5347A,Blue,10,0,,,
D5347A,Blue,12,0,,,
D5347A,Blue,14,0,,,
D5347A,Blue,16,0,,,
,,,,,,
D5353A,Black,0,0,,,
D5353A,Black,2,0,,,
D5353A,Black,4,0,,,
D5353A,Black,6,0,,,
D5353A,Black,8,0,,,
D5353A,Black,10,0,,,
D5353A,Black,12,0,,,
D5353A,Black,14,0,,,
D5353A,Black,16,1,,,
,,,,,,
D5368A,Gunmetal,0,0,,,
D5368A,Gunmetal,2,0,,,
D5368A,Gunmetal,4,2,,,
D5368A,Gunmetal,6,3,,,
D5368A,Gunmetal,8,1,,,
D5368A,Gunmetal,10,4,,,
D5368A,Gunmetal,12,0,,,
D5368A,Gunmetal,14,0,,,
D5368A,Gunmetal,16,0,,,
,,,,,,
D5373A,black,0,0,,,
D5373A,black,2,1,,,
D5373A,black,4,1,,,
D5373A,black,6,0,,,
D5373A,black,8,2,,,
D5373A,black,10,3,,,
D5373A,black,12,3,,,
D5373A,black,14,1,,,
D5373A,black,16,0,,,
,,,,,,
D5373A,White,0,0,,,
D5373A,White,2,2,,,
D5373A,White,4,0,,,
D5373A,White,6,3,,,
D5373A,White,8,2,,,
D5373A,White,10,3,,,
D5373A,White,12,1,,,
D5373A,White,14,0,,,
D5373A,White,16,0,,,
,,,,,,
D5374A,green,0,1,,,
D5374A,green,2,4,,,
D5374A,green,4,0,,,
D5374A,green,6,1,,,
D5374A,green,8,1,,,
D5374A,green,10,0,,,
D5374A,green,12,0,,,
D5374A,green,14,0,,,
D5374A,green,16,0,,,
,,,,,,
D5374A,Peach,0,2,,,
D5374A,Peach,2,3,,,
D5374A,Peach,4,1,,,
D5374A,Peach,6,3,,,
D5374A,Peach,8,0,,,
D5374A,Peach,10,0,,,
D5374A,Peach,12,0,,,
D5374A,Peach,14,0,,,
D5374A,Peach,16,0,,,
,,,,,,
D5374A,Teal,0,1,,,
D5374A,Teal,2,3,,,
D5374A,Teal,4,1,,,
D5374A,Teal,6,1,,,
D5374A,Teal,8,0,,,
D5374A,Teal,10,1,,,
D5374A,Teal,12,1,,,
D5374A,Teal,14,1,,,
D5374A,Teal,16,0,,,
,,,,,,
D5375A,Silver,0,2,,,
D5375A,Silver,2,0,,,
D5375A,Silver,4,0,,,
D5375A,Silver,6,0,,,
D5375A,Silver,8,0,,,
D5375A,Silver,10,0,,,
D5375A,Silver,12,0,,,
D5375A,Silver,14,0,,,
D5375A,Silver,16,0,,,
,,,,,,
D5379A,black,0,5,,,
D5379A,black,2,9,,,
D5379A,black,4,11,,,
D5379A,black,6,1,,,
D5379A,black,8,0,,,
D5379A,black,10,0,,,
D5379A,black,12,0,,,
D5379A,black,14,0,,,
D5379A,black,16,0,,,
,,,,,,
D5380A,black,0,3,,,
D5380A,black,2,3,,,
D5380A,black,4,1,,,
D5380A,black,6,1,,,
D5380A,black,8,3,,,
D5380A,black,10,2,,,
D5380A,black,12,2,,,
D5380A,black,14,0,,,
D5380A,black,16,0,,,
,,,,,,
D5401A,black,0,0,,,
D5401A,black,2,0,,,
D5401A,black,4,2,,,
D5401A,black,6,3,,,
D5401A,black,8,0,,,
D5401A,black,10,0,,,
D5401A,black,12,0,,,
D5401A,black,14,0,,,
D5401A,black,16,0,,,
,,,,,,
D5402A,Silver,0,0,,,
D5402A,Silver,2,2,,,
D5402A,Silver,4,6,,,
D5402A,Silver,6,4,,,
D5402A,Silver,8,0,,,
D5402A,Silver,10,0,,,
D5402A,Silver,12,0,,,
D5402A,Silver,14,0,,,
D5402A,Silver,16,0,,,
,,,,,,
D5405A,Gold,0,0,,,
D5405A,Gold,2,0,,,
D5405A,Gold,4,2,,,
D5405A,Gold,6,6,,,
D5405A,Gold,8,2,,,
D5405A,Gold,10,0,,,
D5405A,Gold,12,2,,,
D5405A,Gold,14,1,,,
D5405A,Gold,16,1,,,
,,,,,,
D5405A,Green,0,0,,,
D5405A,Green,2,0,,,
D5405A,Green,4,2,,,
D5405A,Green,6,2,,,
D5405A,Green,8,0,,,
D5405A,Green,10,0,,,
D5405A,Green,12,1,,,
D5405A,Green,14,0,,,
D5405A,Green,16,0,,,
,,,,,,
D5405A,Gunmetal,0,0,,,
D5405A,Gunmetal,2,1,,,
D5405A,Gunmetal,4,1,,,
D5405A,Gunmetal,6,2,,,
D5405A,Gunmetal,8,0,,,
D5405A,Gunmetal,10,0,,,
D5405A,Gunmetal,12,0,,,
D5405A,Gunmetal,14,0,,,
D5405A,Gunmetal,16,0,,,
,,,,,,
D5405A,Silver,0,0,,,
D5405A,Silver,2,1,,,
D5405A,Silver,4,4,,,
D5405A,Silver,6,4,,,
D5405A,Silver,8,0,,,
D5405A,Silver,10,1,,,
D5405A,Silver,12,0,,,
D5405A,Silver,14,0,,,
D5405A,Silver,16,0,,,
,,,,,,
D5408A,Silver,0,0,,,
D5408A,Silver,2,2,,,
D5408A,Silver,4,4,,,
D5408A,Silver,6,3,,,
D5408A,Silver,8,0,,,
D5408A,Silver,10,1,,,
D5408A,Silver,12,0,,,
D5408A,Silver,14,0,,,
D5408A,Silver,16,0,,,
,,,,,,
D5409A,Gunmetal,0,0,,,
D5409A,Gunmetal,2,0,,,
D5409A,Gunmetal,4,0,,,
D5409A,Gunmetal,6,1,,,
D5409A,Gunmetal,8,0,,,
D5409A,Gunmetal,10,0,,,
D5409A,Gunmetal,12,0,,,
D5409A,Gunmetal,14,0,,,
D5409A,Gunmetal,16,0,,,
,,,,,,
D5422A,Cream,0,5,,,
D5422A,Cream,2,11,,,
D5422A,Cream,4,9,,,
D5422A,Cream,6,4,,,
D5422A,Cream,8,0,,,
D5422A,Cream,10,0,,,
D5422A,Cream,12,0,,,
D5422A,Cream,14,0,,,
D5422A,Cream,16,0,,,
,,,,,,
D5427A,black,0,0,,,
D5427A,black,2,0,,,
D5427A,black,4,1,,,
D5427A,black,6,2,,,
D5427A,black,8,1,,,
D5427A,black,10,0,,,
D5427A,black,12,0,,,
D5427A,black,14,0,,,
D5427A,black,16,0,,,
,,,,,,
D5427A,Blue,0,0,,,
D5427A,Blue,2,0,,,
D5427A,Blue,4,0,,,
D5427A,Blue,6,0,,,
D5427A,Blue,8,1,,,
D5427A,Blue,10,0,,,
D5427A,Blue,12,0,,,
D5427A,Blue,14,0,,,
D5427A,Blue,16,0,,,
,,,,,,
D5427A,Champagne,0,1,,,
D5427A,Champagne,2,0,,,
D5427A,Champagne,4,0,,,
D5427A,Champagne,6,0,,,
D5427A,Champagne,8,0,,,
D5427A,Champagne,10,0,,,
D5427A,Champagne,12,0,,,
D5427A,Champagne,14,0,,,
D5427A,Champagne,16,0,,,
,,,,,,
D5427A,Teal,0,0,,,
D5427A,Teal,2,0,,,
D5427A,Teal,4,1,,,
D5427A,Teal,6,0,,,
D5427A,Teal,8,0,,,
D5427A,Teal,10,0,,,
D5427A,Teal,12,0,,,
D5427A,Teal,14,0,,,
D5427A,Teal,16,0,,,
,,,,,,
D5428A,Silver,0,0,,,
D5428A,Silver,2,0,,,
D5428A,Silver,4,1,,,
D5428A,Silver,6,0,,,
D5428A,Silver,8,0,,,
D5428A,Silver,10,0,,,
D5428A,Silver,12,0,,,
D5428A,Silver,14,0,,,
D5428A,Silver,16,0,,,
,,,,,,
D5431A,Blue,0,0,,,
D5431A,Blue,2,0,,,
D5431A,Blue,4,1,,,
D5431A,Blue,6,0,,,
D5431A,Blue,8,0,,,
D5431A,Blue,10,0,,,
D5431A,Blue,12,0,,,
D5431A,Blue,14,0,,,
D5431A,Blue,16,0,,,
,,,,,,
D5446A,Cream,0,0,,,
D5446A,Cream,2,0,,,
D5446A,Cream,4,1,,,
D5446A,Cream,6,1,,,
D5446A,Cream,8,0,,,
D5446A,Cream,10,0,,,
D5446A,Cream,12,0,,,
D5446A,Cream,14,0,,,
D5446A,Cream,16,0,,,
,,,,,,
D5446A,White,0,0,,,
D5446A,White,2,0,,,
D5446A,White,4,0,,,
D5446A,White,6,0,,,
D5446A,White,8,0,,,
D5446A,White,10,0,,,
D5446A,White,12,0,,,
D5446A,White,14,1,,,
D5446A,White,16,0,,,
,,,,,,
D5448A,Gunmetal,0,0,,,
D5448A,Gunmetal,2,0,,,
D5448A,Gunmetal,4,1,,,
D5448A,Gunmetal,6,0,,,
D5448A,Gunmetal,8,0,,,
D5448A,Gunmetal,10,0,,,
D5448A,Gunmetal,12,0,,,
D5448A,Gunmetal,14,0,,,
D5448A,Gunmetal,16,0,,,
,,,,,,
D5448A,White,0,1,,,
D5448A,White,2,0,,,
D5448A,White,4,0,,,
D5448A,White,6,0,,,
D5448A,White,8,0,,,
D5448A,White,10,0,,,
D5448A,White,12,0,,,
D5448A,White,14,0,,,
D5448A,White,16,0,,,
,,,,,,
D5450A,Green,0,0,,,
D5450A,Green,2,1,,,
D5450A,Green,4,0,,,
D5450A,Green,6,0,,,
D5450A,Green,8,0,,,
D5450A,Green,10,0,,,
D5450A,Green,12,0,,,
D5450A,Green,14,0,,,
D5450A,Green,16,0,,,
,,,,,,
D5452A,Gold,0,0,,,
D5452A,Gold,2,1,,,
D5452A,Gold,4,0,,,
D5452A,Gold,6,0,,,
D5452A,Gold,8,0,,,
D5452A,Gold,10,0,,,
D5452A,Gold,12,0,,,
D5452A,Gold,14,0,,,
D5452A,Gold,16,0,,,
,,,,,,
D5459A,Multi,0,0,,,
D5459A,Multi,2,2,,,
D5459A,Multi,4,1,,,
D5459A,Multi,6,4,,,
D5459A,Multi,8,2,,,
D5459A,Multi,10,2,,,
D5459A,Multi,12,1,,,
D5459A,Multi,14,1,,,
D5459A,Multi,16,0,,,
,,,,,,
D5463A,Black,0,0,,,
D5463A,Black,2,2,,,
D5463A,Black,4,2,,,
D5463A,Black,6,4,,,
D5463A,Black,8,3,,,
D5463A,Black,10,2,,,
D5463A,Black,12,3,,,
D5463A,Black,14,0,,,
D5463A,Black,16,0,,,
,,,,,,
D5463A,Silver,0,0,,,
D5463A,Silver,2,4,,,
D5463A,Silver,4,2,,,
D5463A,Silver,6,2,,,
D5463A,Silver,8,0,,,
D5463A,Silver,10,0,,,
D5463A,Silver,12,2,,,
D5463A,Silver,14,0,,,
D5463A,Silver,16,0,,,
,,,,,,
D5471A,black,0,0,,,
D5471A,black,2,0,,,
D5471A,black,4,1,,,
D5471A,black,6,2,,,
D5471A,black,8,1,,,
D5471A,black,10,1,,,
D5471A,black,12,0,,,
D5471A,black,14,0,,,
D5471A,black,16,0,,,
,,,,,,
D5479A,black,0,0,,,
D5479A,black,2,0,,,
D5479A,black,4,1,,,
D5479A,black,6,0,,,
D5479A,black,8,0,,,
D5479A,black,10,0,,,
D5479A,black,12,0,,,
D5479A,black,14,0,,,
D5479A,black,16,0,,,
,,,,,,
D5484A,Silver,0,3,,,
D5484A,Silver,2,7,,,
D5484A,Silver,4,4,,,
D5484A,Silver,6,4,,,
D5484A,Silver,8,1,,,
D5484A,Silver,10,0,,,
D5484A,Silver,12,0,,,
D5484A,Silver,14,0,,,
D5484A,Silver,16,0,,,
,,,,,,
D5485A,Gold,0,5,,,
D5485A,Gold,2,14,,,
D5485A,Gold,4,2,,,
D5485A,Gold,6,0,,,
D5485A,Gold,8,0,,,
D5485A,Gold,10,2,,,
D5485A,Gold,12,0,,,
D5485A,Gold,14,0,,,
D5485A,Gold,16,0,,,
,,,,,,
D5486A,Black,0,0,,,
D5486A,Black,2,6,,,
D5486A,Black,4,9,,,
D5486A,Black,6,6,,,
D5486A,Black,8,2,,,
D5486A,Black,10,2,,,
D5486A,Black,12,4,,,
D5486A,Black,14,0,,,
D5486A,Black,16,0,,,
,,,,,,
D5487A,Black,0,1,,,
D5487A,Black,2,1,,,
D5487A,Black,4,2,,,
D5487A,Black,6,1,,,
D5487A,Black,8,0,,,
D5487A,Black,10,0,,,
D5487A,Black,12,0,,,
D5487A,Black,14,0,,,
D5487A,Black,16,0,,,
,,,,,,
D5487A,White,0,2,,,
D5487A,White,2,2,,,
D5487A,White,4,4,,,
D5487A,White,6,0,,,
D5487A,White,8,2,,,
D5487A,White,10,0,,,
D5487A,White,12,3,,,
D5487A,White,14,0,,,
D5487A,White,16,0,,,
,,,,,,
D5488A,Champagne,0,0,,,
D5488A,Champagne,2,12,,,
D5488A,Champagne,4,7,,,
D5488A,Champagne,6,1,,,
D5488A,Champagne,8,0,,,
D5488A,Champagne,10,0,,,
D5488A,Champagne,12,0,,,
D5488A,Champagne,14,0,,,
D5488A,Champagne,16,0,,,
,,,,,,
D5489A,black,0,3,,,
D5489A,black,2,8,,,
D5489A,black,4,5,,,
D5489A,black,6,2,,,
D5489A,black,8,0,,,
D5489A,black,10,1,,,
D5489A,black,12,2,,,
D5489A,black,14,0,,,
D5489A,black,16,0,,,
,,,,,,
D5494A,black,0,0,,,
D5494A,black,2,1,,,
D5494A,black,4,0,,,
D5494A,black,6,0,,,
D5494A,black,8,0,,,
D5494A,black,10,0,,,
D5494A,black,12,0,,,
D5494A,black,14,0,,,
D5494A,black,16,0,,,
,,,,,,
D5497A,black,0,0,,,
D5497A,black,2,2,,,
D5497A,black,4,0,,,
D5497A,black,6,0,,,
D5497A,black,8,0,,,
D5497A,black,10,0,,,
D5497A,black,12,0,,,
D5497A,black,14,0,,,
D5497A,black,16,0,,,
,,,,,,
D5500A,black,0,0,,,
D5500A,black,2,0,,,
D5500A,black,4,1,,,
D5500A,black,6,0,,,
D5500A,black,8,0,,,
D5500A,black,10,0,,,
D5500A,black,12,0,,,
D5500A,black,14,0,,,
D5500A,black,16,0,,,
,,,,,,
D5500A,Blue,0,0,,,
D5500A,Blue,2,0,,,
D5500A,Blue,4,2,,,
D5500A,Blue,6,1,,,
D5500A,Blue,8,1,,,
D5500A,Blue,10,0,,,
D5500A,Blue,12,0,,,
D5500A,Blue,14,0,,,
D5500A,Blue,16,0,,,
,,,,,,
D5500A,Orange,0,1,,,
D5500A,Orange,2,4,,,
D5500A,Orange,4,2,,,
D5500A,Orange,6,4,,,
D5500A,Orange,8,1,,,
D5500A,Orange,10,0,,,
D5500A,Orange,12,0,,,
D5500A,Orange,14,0,,,
D5500A,Orange,16,0,,,
,,,,,,
D5505A,Champagne,0,2,,,
D5505A,Champagne,2,4,,,
D5505A,Champagne,4,5,,,
D5505A,Champagne,6,4,,,
D5505A,Champagne,8,1,,,
D5505A,Champagne,10,0,,,
D5505A,Champagne,12,0,,,
D5505A,Champagne,14,0,,,
D5505A,Champagne,16,0,,,
,,,,,,
D5507A,Silver,0,2,,,
D5507A,Silver,2,3,,,
D5507A,Silver,4,3,,,
D5507A,Silver,6,2,,,
D5507A,Silver,8,8,,,
D5507A,Silver,10,0,,,
D5507A,Silver,12,0,,,
D5507A,Silver,14,0,,,
D5507A,Silver,16,0,,,
,,,,,,
D5508A,Black,0,6,,,
D5508A,Black,2,7,,,
D5508A,Black,4,4,,,
D5508A,Black,6,14,,,
D5508A,Black,8,13,,,
D5508A,Black,10,2,,,
D5508A,Black,12,0,,,
D5508A,Black,14,0,,,
D5508A,Black,16,0,,,
,,,,,,
D5516A,silver,0,0,,,
D5516A,silver,2,0,,,
D5516A,silver,4,0,,,
D5516A,silver,6,1,,,
D5516A,silver,8,0,,,
D5516A,silver,10,0,,,
D5516A,silver,12,0,,,
D5516A,silver,14,0,,,
D5516A,silver,16,0,,,
,,,,,,
D5523A,Black,0,0,,,
D5523A,Black,2,0,,,
D5523A,Black,4,1,,,
D5523A,Black,6,1,,,
D5523A,Black,8,0,,,
D5523A,Black,10,0,,,
D5523A,Black,12,0,,,
D5523A,Black,14,0,,,
D5523A,Black,16,0,,,
,,,,,,
D5524A,Charcoal,0,5,,,
D5524A,Charcoal,2,5,,,
D5524A,Charcoal,4,6,,,
D5524A,Charcoal,6,8,,,
D5524A,Charcoal,8,7,,,
D5524A,Charcoal,10,5,,,
D5524A,Charcoal,12,4,,,
D5524A,Charcoal,14,3,,,
D5524A,Charcoal,16,0,,,
,,,,,,
D5531A,Taupe,0,2,,,
D5531A,Taupe,2,0,,,
D5531A,Taupe,4,0,,,
D5531A,Taupe,6,0,,,
D5531A,Taupe,8,3,,,
D5531A,Taupe,10,0,,,
D5531A,Taupe,12,0,,,
D5531A,Taupe,14,0,,,
D5531A,Taupe,16,0,,,
,,,,,,
D5535A,black,0,3,,,
D5535A,black,2,0,,,
D5535A,black,4,2,,,
D5535A,black,6,3,,,
D5535A,black,8,1,,,
D5535A,black,10,0,,,
D5535A,black,12,0,,,
D5535A,black,14,0,,,
D5535A,black,16,0,,,
,,,,,,
D5557A,Purple,0,4,,,
D5557A,Purple,2,6,,,
D5557A,Purple,4,6,,,
D5557A,Purple,6,6,,,
D5557A,Purple,8,2,,,
D5557A,Purple,10,0,,,
D5557A,Purple,12,0,,,
D5557A,Purple,14,0,,,
D5557A,Purple,16,0,,,
,,,,,,
D5557A,Teal,0,1,,,
D5557A,Teal,2,0,,,
D5557A,Teal,4,0,,,
D5557A,Teal,6,2,,,
D5557A,Teal,8,0,,,
D5557A,Teal,10,0,,,
D5557A,Teal,12,0,,,
D5557A,Teal,14,0,,,
D5557A,Teal,16,0,,,
,,,,,,
D5559A,Gold,0,2,,,
D5559A,Gold,2,1,,,
D5559A,Gold,4,2,,,
D5559A,Gold,6,0,,,
D5559A,Gold,8,0,,,
D5559A,Gold,10,0,,,
D5559A,Gold,12,0,,,
D5559A,Gold,14,0,,,
D5559A,Gold,16,0,,,
,,,,,,
D5560A,Black,0,0,,,
D5560A,Black,2,0,,,
D5560A,Black,4,0,,,
D5560A,Black,6,0,,,
D5560A,Black,8,5,,,
D5560A,Black,10,0,,,
D5560A,Black,12,0,,,
D5560A,Black,14,0,,,
D5560A,Black,16,0,,,
,,,,,,
D5565A,Black,0,1,,,
D5565A,Black,2,1,,,
D5565A,Black,4,0,,,
D5565A,Black,6,2,,,
D5565A,Black,8,0,,,
D5565A,Black,10,0,,,
D5565A,Black,12,0,,,
D5565A,Black,14,0,,,
D5565A,Black,16,0,,,
,,,,,,
D5569A,Blue,0,0,,,
D5569A,Blue,2,0,,,
D5569A,Blue,4,0,,,
D5569A,Blue,6,1,,,
D5569A,Blue,8,0,,,
D5569A,Blue,10,0,,,
D5569A,Blue,12,0,,,
D5569A,Blue,14,0,,,
D5569A,Blue,16,0,,,
,,,,,,
D5569AG,Green,0,2,,,
D5569AG,Green,2,4,,,
D5569AG,Green,4,4,,,
D5569AG,Green,6,3,,,
D5569AG,Green,8,2,,,
D5569AG,Green,10,0,,,
D5569AG,Green,12,0,,,
D5569AG,Green,14,0,,,
D5569AG,Green,16,0,,,
,,,,,,
D5579A,Gold,0,2,,,
D5579A,Gold,2,5,,,
D5579A,Gold,4,1,,,
D5579A,Gold,6,1,,,
D5579A,Gold,8,8,,,
D5579A,Gold,10,0,,,
D5579A,Gold,12,0,,,
D5579A,Gold,14,0,,,
D5579A,Gold,16,0,,,
,,,,,,
D5585A,Black,0,0,,,
D5585A,Black,2,5,,,
D5585A,Black,4,4,,,
D5585A,Black,6,6,,,
D5585A,Black,8,5,,,
D5585A,Black,10,6,,,
D5585A,Black,12,0,,,
D5585A,Black,14,0,,,
D5585A,Black,16,0,,,
,,,,,,
D5587A,Gunmetal,0,0,,,
D5587A,Gunmetal,2,0,,,
D5587A,Gunmetal,4,1,,,
D5587A,Gunmetal,6,9,,,
D5587A,Gunmetal,8,14,,,
D5587A,Gunmetal,10,4,,,
D5587A,Gunmetal,12,0,,,
D5587A,Gunmetal,14,0,,,
D5587A,Gunmetal,16,0,,,
,,,,,,
D5588A,Animal,0,1,,,
D5588A,Animal,2,0,,,
D5588A,Animal,4,1,,,
D5588A,Animal,6,4,,,
D5588A,Animal,8,0,,,
D5588A,Animal,10,0,,,
D5588A,Animal,12,0,,,
D5588A,Animal,14,0,,,
D5588A,Animal,16,0,,,
,,,,,,
D5588A,Black,0,2,,,
D5588A,Black,2,6,,,
D5588A,Black,4,1,,,
D5588A,Black,6,11,,,
D5588A,Black,8,0,,,
D5588A,Black,10,0,,,
D5588A,Black,12,0,,,
D5588A,Black,14,0,,,
D5588A,Black,16,0,,,
,,,,,,
D5590A,Black,0,0,,,
D5590A,Black,2,0,,,
D5590A,Black,4,1,,,
D5590A,Black,6,2,,,
D5590A,Black,8,2,,,
D5590A,Black,10,2,,,
D5590A,Black,12,2,,,
D5590A,Black,14,2,,,
D5590A,Black,16,1,,,
,,,,,,
D5596A,Gray,0,0,,,
D5596A,Gray,2,0,,,
D5596A,Gray,4,4,,,
D5596A,Gray,6,6,,,
D5596A,Gray,8,6,,,
D5596A,Gray,10,2,,,
D5596A,Gray,12,1,,,
D5596A,Gray,14,0,,,
D5596A,Gray,16,0,,,
,,,,,,
D5602A,Green,0,2,,,
D5602A,Green,2,5,,,
D5602A,Green,4,2,,,
D5602A,Green,6,0,,,
D5602A,Green,8,0,,,
D5602A,Green,10,0,,,
D5602A,Green,12,0,,,
D5602A,Green,14,0,,,
D5602A,Green,16,0,,,
,,,,,,
D5619A,Leopard,0,4,,,
D5619A,Leopard,2,3,,,
D5619A,Leopard,4,2,,,
D5619A,Leopard,6,2,,,
D5619A,Leopard,8,0,,,
D5619A,Leopard,10,0,,,
D5619A,Leopard,12,0,,,
D5619A,Leopard,14,0,,,
D5619A,Leopard,16,0,,,
,,,,,,
D5621A,Black,0,0,,,
D5621A,Black,2,1,,,
D5621A,Black,4,0,,,
D5621A,Black,6,0,,,
D5621A,Black,8,0,,,
D5621A,Black,10,0,,,
D5621A,Black,12,0,,,
D5621A,Black,14,0,,,
D5621A,Black,16,0,,,
,,,,,,
D5623A,Animal,0,0,,,
D5623A,Animal,2,3,,,
D5623A,Animal,4,1,,,
D5623A,Animal,6,0,,,
D5623A,Animal,8,0,,,
D5623A,Animal,10,0,,,
D5623A,Animal,12,0,,,
D5623A,Animal,14,0,,,
D5623A,Animal,16,0,,,
,,,,,,
D5624A,Animal,0,0,,,
D5624A,Animal,2,4,,,
D5624A,Animal,4,5,,,
D5624A,Animal,6,1,,,
D5624A,Animal,8,0,,,
D5624A,Animal,10,0,,,
D5624A,Animal,12,0,,,
D5624A,Animal,14,0,,,
D5624A,Animal,16,0,,,
,,,,,,
D5627A,Animal,0,0,,,
D5627A,Animal,2,1,,,
D5627A,Animal,4,0,,,
D5627A,Animal,6,0,,,
D5627A,Animal,8,0,,,
D5627A,Animal,10,0,,,
D5627A,Animal,12,1,,,
D5627A,Animal,14,0,,,
D5627A,Animal,16,0,,,
,,,,,,
D5633A,Gold,0,0,,,
D5633A,Gold,2,2,,,
D5633A,Gold,4,2,,,
D5633A,Gold,6,2,,,
D5633A,Gold,8,1,,,
D5633A,Gold,10,0,,,
D5633A,Gold,12,0,,,
D5633A,Gold,14,0,,,
D5633A,Gold,16,0,,,
,,,,,,
D5658A,Bronze,0,1,,,
D5658A,Bronze,2,2,,,
D5658A,Bronze,4,1,,,
D5658A,Bronze,6,0,,,
D5658A,Bronze,8,0,,,
D5658A,Bronze,10,0,,,
D5658A,Bronze,12,0,,,
D5658A,Bronze,14,0,,,
D5658A,Bronze,16,0,,,
,,,,,,
D5659A,Bronze,0,2,,,
D5659A,Bronze,2,12,,,
D5659A,Bronze,4,6,,,
D5659A,Bronze,6,13,,,
D5659A,Bronze,8,0,,,
D5659A,Bronze,10,0,,,
D5659A,Bronze,12,0,,,
D5659A,Bronze,14,0,,,
D5659A,Bronze,16,0,,,
,,,,,,
D5999,Animal,0,1,,,
D5999,Animal,2,0,,,
D5999,Animal,4,1,,,
D5999,Animal,6,0,,,
D5999,Animal,8,2,,,
D5999,Animal,10,0,,,
D5999,Animal,12,0,,,
D5999,Animal,14,0,,,
D5999,Animal,16,0,,,
,,,,,,
D6227A,Green,0,2,,,
D6227A,Green,2,3,,,
D6227A,Green,4,5,,,
D6227A,Green,6,5,,,
D6227A,Green,8,2,,,
D6227A,Green,10,1,,,
D6227A,Green,12,0,,,
D6227A,Green,14,0,,,
D6227A,Green,16,0,,,
,,,,,,
D9031A,black,0,0,,,
D9031A,black,2,4,,,
D9031A,black,4,9,,,
D9031A,black,6,11,,,
D9031A,black,8,5,,,
D9031A,black,10,0,,,
D9031A,black,12,0,,,
D9031A,black,14,0,,,
D9031A,black,16,2,,,
